row_index,col_1,col_2,col_3,col_4,col_5
0,3,Electronics,-17958.170000000042,,
1,CA,Jewelry,2500,691182.47,
2,2,45770.69352143964,,,
3,8888,661,,,
4,7934200.859999992,,,,
5,Shoes,,,,
6,2021,,,,
7,Store 3,,,,
8,Homestead,133797,,,
9,3434,,,,
